[
  {
    "id": "0c5fa9b4-3175-4d69-b107-22d3c84bc15d",
    "data": [
      {
        "text": "assess my risk age ",
        "userDefined": false
      },
      {
        "text": "60",
        "meta": "@sys.number",
        "alias": "age",
        "userDefined": false
      },
      {
        "text": " weight ",
        "userDefined": false
      },
      {
        "text": "80",
        "meta": "@sys.number",
        "alias": "weight",
        "userDefined": false
      },
      {
        "text": " height ",
        "userDefined": false
      },
      {
        "text": "165",
        "meta": "@sys.number",
        "alias": "height",
        "userDefined": false
      },
      {
        "text": " ",
        "userDefined": false
      },
      {
        "text": "diabetes",
        "meta": "@Disease",
        "alias": "diseases",
        "userDefined": true
      }
    ],
    "isTemplate": false,
    "count": 0,
    "lang": "th",
    "updated": 0
  },
  {
    "id": "553cc9b4-f024-4240-814f-cbe088d4f84a",
    "data": [
      {
        "text": "45",
        "meta": "@sys.number",
        "alias": "age",
        "userDefined": false
      },
      {
        "text": " ปี ",
        "userDefined": false
      },
      {
        "text": "70",
        "meta": "@sys.number",
        "alias": "weight",
        "userDefined": false
      },
      {
        "text": " กก. ",
        "userDefined": false
      },
      {
        "text": "175",
        "meta": "@sys.number",
        "alias": "height",
        "userDefined": false
      },
      {
        "text": " ซม. เป็น",
        "userDefined": false
      },
      {
        "text": "โรคหัวใจ",
        "meta": "@Disease",
        "alias": "diseases",
        "userDefined": true
      }
    ],
    "isTemplate": false,
    "count": 0,
    "lang": "th",
    "updated": 0
  },
  {
    "id": "828ca9e1-b03a-4c4a-b6a7-7d9cd32c5a8f",
    "data": [
      {
        "text": "ฉันอายุ ",
        "userDefined": false
      },
      {
        "text": "55",
        "meta": "@sys.number",
        "alias": "age",
        "userDefined": false
      },
      {
        "text": " หนัก ",
        "userDefined": false
      },
      {
        "text": "92",
        "meta": "@sys.number",
        "alias": "weight",
        "userDefined": false
      },
      {
        "text": " สูง ",
        "userDefined": false
      },
      {
        "text": "168",
        "meta": "@sys.number",
        "alias": "height",
        "userDefined": false
      },
      {
        "text": " เป็น",
        "userDefined": false
      },
      {
        "text": "ความดันสูง",
        "meta": "@Disease",
        "alias": "diseases",
        "userDefined": true
      }
    ],
    "isTemplate": false,
    "count": 0,
    "lang": "th",
    "updated": 0
  },
  {
    "id": "09b58563-3083-4129-b89c-7e70c0d7629f",
    "data": [
      {
        "text": "อายุ ",
        "userDefined": false
      },
      {
        "text": "70",
        "meta": "@sys.number",
        "alias": "age",
        "userDefined": false
      },
      {
        "text": " ปี น้ำหนัก ",
        "userDefined": false
      },
      {
        "text": "85",
        "meta": "@sys.number",
        "alias": "weight",
        "userDefined": false
      },
      {
        "text": " กิโลกรัม ส่วนสูง ",
        "userDefined": false
      },
      {
        "text": "170",
        "meta": "@sys.number",
        "alias": "height",
        "userDefined": false
      },
      {
        "text": " เซนติเมตร เป็น",
        "userDefined": false
      },
      {
        "text": "เบาหวาน",
        "meta": "@Disease",
        "alias": "diseases",
        "userDefined": true
      }
    ],
    "isTemplate": false,
    "count": 0,
    "lang": "th",
    "updated": 0
  },
  {
    "id": "44288e94-8fbc-4c0c-89e4-2c5d8a9bc42a",
    "data": [
      {
        "text": "ประเมินความเสี่ยง อายุ ",
        "userDefined": false
      },
      {
        "text": "65",
        "meta": "@sys.number",
        "alias": "age",
        "userDefined": false
      },
      {
        "text": " น้ำหนัก ",
        "userDefined": false
      },
      {
        "text": "98",
        "meta": "@sys.number",
        "alias": "weight",
        "userDefined": false
      },
      {
        "text": " ส่วนสูง ",
        "userDefined": false
      },
      {
        "text": "165",
        "meta": "@sys.number",
        "alias": "height",
        "userDefined": false
      }
    ],
    "isTemplate": false,
    "count": 0,
    "lang": "th",
    "updated": 0
  },
  {
    "id": "039bee2e-51db-4f99-9196-9a83534396e1",
    "data": [
      {
        "text": "อยากรู้ความเสี่ยงของฉัน",
        "userDefined": false
      }
    ],
    "isTemplate": false,
    "count": 0,
    "lang": "th",
    "updated": 0
  },
  {
    "id": "d24333de-7fcb-4368-aef0-bbe59dae5c38",
    "data": [
      {
        "text": "ดูความเสี่ยงของฉัน",
        "userDefined": false
      }
    ],
    "isTemplate": false,
    "count": 0,
    "lang": "th",
    "updated": 0
  },
  {
    "id": "f0e0ed34-4621-4d14-b4d4-37b008201370",
    "data": [
      {
        "text": "ประเมินสุขภาพของฉัน",
        "userDefined": false
      }
    ],
    "isTemplate": false,
    "count": 0,
    "lang": "th",
    "updated": 0
  },
  {
    "id": "e3447314-bb98-4268-a058-acc849434abe",
    "data": [
      {
        "text": "ประเมินความเสี่ยงส่วนตัว",
        "userDefined": false
      }
    ],
    "isTemplate": false,
    "count": 0,
    "lang": "th",
    "updated": 0
  },
  {
    "id": "17c4d355-c523-4451-b8a8-4a290b604f76",
    "data": [
      {
        "text": "ความเสี่ยงของฉัน",
        "userDefined": false
      }
    ],
    "isTemplate": false,
    "count": 0,
    "lang": "th",
    "updated": 0
  },
  {
    "id": "c7d6d89a-029d-42ce-a8b9-6d125b81c3af",
    "data": [
      {
        "text": "ประเมินความเสี่ยง",
        "userDefined": false
      }
    ],
    "isTemplate": false,
    "count": 0,
    "lang": "th",
    "updated": 0
  }
]