[
  {
    "id": "10ec5472-5f88-430e-8fdf-78692cd83dd7",
    "data": [
      {
        "text": "อายุ ",
        "userDefined": false
      },
      {
        "text": "35",
        "meta": "@sys.number",
        "alias": "age",
        "userDefined": false
      },
      {
        "text": " หนัก ",
        "userDefined": false
      },
      {
        "text": "40",
        "meta": "@sys.number",
        "alias": "weight",
        "userDefined": false
      },
      {
        "text": " สูง ",
        "userDefined": false
      },
      {
        "text": "160",
        "meta": "@sys.number",
        "alias": "height",
        "userDefined": false
      },
      {
        "text": " เป็น",
        "userDefined": false
      },
      {
        "text": "ความดันสูง",
        "meta": "@Disease",
        "alias": "disease",
        "userDefined": false
      }
    ],
    "isTemplate": false,
    "count": 0,
    "lang": "th",
    "updated": 0
  },
  {
    "id": "a2fa7e08-309f-4699-b5ee-ad8925e5ca4b",
    "data": [
      {
        "text": "อายุ ",
        "userDefined": false
      },
      {
        "text": "65",
        "meta": "@sys.number",
        "alias": "age",
        "userDefined": false
      },
      {
        "text": " หนัก ",
        "userDefined": false
      },
      {
        "text": "80",
        "meta": "@sys.number",
        "alias": "weight",
        "userDefined": false
      },
      {
        "text": " สูง ",
        "userDefined": false
      },
      {
        "text": "160",
        "meta": "@sys.number",
        "alias": "height",
        "userDefined": false
      },
      {
        "text": " เป็น",
        "userDefined": false
      },
      {
        "text": "ความดันสูง",
        "meta": "@Disease",
        "alias": "disease",
        "userDefined": true
      }
    ],
    "isTemplate": false,
    "count": 0,
    "lang": "th",
    "updated": 0
  },
  {
    "id": "4b4d4118-e42c-4230-b5ad-6131281a1510",
    "data": [
      {
        "text": "ประเมินความเสี่ยง อายุ ",
        "userDefined": false
      },
      {
        "text": "80",
        "meta": "@sys.number",
        "alias": "age",
        "userDefined": false
      },
      {
        "text": " น้ำหนัก ",
        "userDefined": false
      },
      {
        "text": "45",
        "meta": "@sys.number",
        "alias": "weight",
        "userDefined": false
      },
      {
        "text": " สูง ",
        "userDefined": false
      },
      {
        "text": "150",
        "meta": "@sys.number",
        "alias": "height",
        "userDefined": false
      },
      {
        "text": " เป็น",
        "userDefined": false
      },
      {
        "text": "ความดัน",
        "meta": "@Disease",
        "alias": "disease",
        "userDefined": false
      }
    ],
    "isTemplate": false,
    "count": 0,
    "lang": "th",
    "updated": 0
  },
  {
    "id": "9c6f5bbf-619b-4fc9-bcc8-ecf100276f2a",
    "data": [
      {
        "text": "อายุ ",
        "userDefined": false
      },
      {
        "text": "15",
        "meta": "@sys.number",
        "alias": "age",
        "userDefined": false
      },
      {
        "text": " ครับ หนัก ",
        "userDefined": false
      },
      {
        "text": "50",
        "meta": "@sys.number",
        "alias": "weight",
        "userDefined": false
      },
      {
        "text": " สูง ",
        "userDefined": false
      },
      {
        "text": "165",
        "meta": "@sys.number",
        "alias": "height",
        "userDefined": false
      },
      {
        "text": " โรค",
        "userDefined": false
      },
      {
        "text": "ภูมิแพ้",
        "meta": "@Disease",
        "alias": "disease",
        "userDefined": false
      }
    ],
    "isTemplate": false,
    "count": 0,
    "lang": "th",
    "updated": 0
  },
  {
    "id": "2fc4bf9a-5c6a-48b5-89bc-9cabc31077d1",
    "data": [
      {
        "text": "คุณป้าอายุ ",
        "userDefined": false
      },
      {
        "text": "65",
        "meta": "@sys.number",
        "alias": "age",
        "userDefined": true
      },
      {
        "text": " ปี หนัก ",
        "userDefined": false
      },
      {
        "text": "70",
        "meta": "@sys.number",
        "alias": "weight",
        "userDefined": true
      },
      {
        "text": " กก สูง ",
        "userDefined": false
      },
      {
        "text": "155",
        "meta": "@sys.number",
        "alias": "height",
        "userDefined": true
      },
      {
        "text": " ซม เป็น",
        "userDefined": false
      },
      {
        "text": "เบาหวาน",
        "meta": "@Disease",
        "alias": "disease",
        "userDefined": false
      }
    ],
    "isTemplate": false,
    "count": 0,
    "lang": "th",
    "updated": 0
  },
  {
    "id": "a3bc71ca-e15a-4e54-a645-84c86f9ceddc",
    "data": [
      {
        "text": "อายุ ",
        "userDefined": false
      },
      {
        "text": "25",
        "meta": "@sys.number",
        "alias": "age",
        "userDefined": false
      },
      {
        "text": " น้ำหนัก ",
        "userDefined": false
      },
      {
        "text": "60",
        "meta": "@sys.number",
        "alias": "weight",
        "userDefined": false
      },
      {
        "text": " สูง ",
        "userDefined": false
      },
      {
        "text": "170",
        "meta": "@sys.number",
        "alias": "height",
        "userDefined": false
      },
      {
        "text": " ",
        "userDefined": false
      },
      {
        "text": "ไม่มี",
        "meta": "@Disease",
        "alias": "disease",
        "userDefined": false
      },
      {
        "text": "โรคประจำตัว",
        "userDefined": false
      }
    ],
    "isTemplate": false,
    "count": 0,
    "lang": "th",
    "updated": 0
  }
]