[
  {
    "id": "7e8c6422-6cf9-48c1-94ec-471a27645dd3",
    "data": [
      {
        "text": "ประเมินอาการ",
        "userDefined": false
      }
    ],
    "isTemplate": false,
    "count": 0,
    "lang": "th",
    "updated": 0
  },
  {
    "id": "a4012e5c-876f-40ff-a49f-2c8cf44ffc25",
    "data": [
      {
        "text": "บันทึกอาการ",
        "userDefined": false
      }
    ],
    "isTemplate": false,
    "count": 0,
    "lang": "th",
    "updated": 0
  },
  {
    "id": "752c1e57-75e1-4695-a066-469f2e94279d",
    "data": [
      {
        "text": "รายงานอาการ",
        "userDefined": false
      }
    ],
    "isTemplate": false,
    "count": 0,
    "lang": "th",
    "updated": 0
  }
]