[
  {
    "value": "diabetes",
    "synonyms": [
      "เบาหวาน",
      "โรคเบาหวาน",
      "DM",
      "diabetes",
      "น้ำตาลสูง"
    ]
  },
  {
    "value": "hypertension",
    "synonyms": [
      "hypertension",
      "ความดัน",
      "ความดันโลหิตสูง",
      "ความดันสูง",
      "ความดันเลือดสูง",
      "HT",
      "โรคหัวใจ",
      "โรคหลอดเลือด",
      "โรคความดันเลือดสูง"
    ]
  },
  {
    "value": "none",
    "synonyms": [
      "ไม่มี",
      "ปกติ",
      "แข็งแรง",
      "สบายดี",
      "ปฏิเสธ"
    ]
  },
  {
    "value": "other",
    "synonyms": [
      "โรคอื่นๆ",
      "อื่นๆ",
      "โรคอื่น",
      "ไทรอยด์",
      "ภูมิแพ้",
      "เก๊าท์"
    ]
  }
]