[
  {
    "value": "wound_care",
    "synonyms": [
      "ดูแลแผล",
      "แผล",
      "ทำความสะอาดแผล",
      "เปลี่ยนผ้าพันแผล"
    ]
  },
  {
    "value": "physical_therapy",
    "synonyms": [
      "กายภาพบำบัด",
      "กายภาพ",
      "ออกกำลังกาย",
      "ฟื้นฟูหลังผ่าตัด"
    ]
  },
  {
    "value": "dvt_prevention",
    "synonyms": [
      "ป้องกันลิ่มเลือด",
      "ลิ่มเลือด",
      "DVT",
      "เลือดอุดตัน"
    ]
  },
  {
    "value": "medication",
    "synonyms": [
      "ทานยา",
      "รับประทานยา",
      "ยา",
      "วิธีทานยา"
    ]
  },
  {
    "value": "warning_signs",
    "synonyms": [
      "อันตราย",
      "สัญญาณอันตราย",
      "อาการอันตราย",
      "เมื่อไหร่ต้องพบหมอ"
    ]
  }
]