[
  {
    "value": "morning",
    "synonyms": [
      "เช้า",
      "ตอนเช้า",
      "ช่วงเช้า"
    ]
  },
  {
    "value": "late_morning",
    "synonyms": [
      "สาย",
      "ช่วงสาย",
      "ตอนสาย"
    ]
  },
  {
    "value": "noon",
    "synonyms": [
      "เที่ยง",
      "ตอนเที่ยง",
      "ช่วงเที่ยง"
    ]
  },
  {
    "value": "afternoon",
    "synonyms": [
      "บ่าย",
      "ช่วงบ่าย",
      "ตอนบ่าย"
    ]
  },
  {
    "value": "evening",
    "synonyms": [
      "เย็น",
      "ช่วงเย็น",
      "ตอนเย็น"
    ]
  },
  {
    "value": "night",
    "synonyms": [
      "กลางคืน",
      "ตอนกลางคืน",
      "ตอนดึก",
      "ช่วงดึก"
    ]
  }
]