[
  {
    "value": "ปกติ",
    "synonyms": [
      "แห้ง",
      "ดีขึ้น",
      "ปกติ",
      "ไม่มีปัญหา"
    ]
  },
  {
    "value": "บวมแดง",
    "synonyms": [
      "บวม",
      "แดง",
      "อักเสบ",
      "ร้อน"
    ]
  },
  {
    "value": "มีหนอง",
    "synonyms": [
      "หนอง",
      "น้ำเหลือง",
      "แฉะ",
      "มีกลิ่น",
      "ไหล"
    ]
  }
]